NO-0001,Tshirts,Puma Tshirt,4,8978.2
NO-0002,Smart Phone,Samsung Smart Phone,9,12777.6
NO-0003,Smart Phone,OnePlus Smart Phone,2,10043
NO-0004,Tshirts,Puma Tshirt,1,8978.2
NO-0005,Shoes,Nike Shoes,,9159.7
NO-0006,Perfumes,Park Avenue Perfumes,2,11761.2
NO-0007,Shoes,Woodland Shoes,10,6461.4
NO-0008,Water bottles,Kinley Water bottles,2,12160.5
NO-0009,Jeans,Mufti Jeans,1,12644.5
NO-0010,Water bottles,Tupperware Water bottles,8,12160.5
NO-0011,Smart Phone,Samsung Smart Phone,1,12705
NO-0012,Water bottles,Cello Water bottles,3,12160.5
NO-0013,Smart Phone,Redmi Smart Phone,1,12705
NO-0014,Water bottles,Aquafina Water bottles,6,12160.5
NO-0015,Smart Phone,Vivo Smart Phone,4,12862.3
NO-0016,Perfumes,Fogg Perfumes,3,13285.8
NO-0017,Jeans,Wrangler Jeans,4,10829.5
NO-0018,Tshirts,Zara Tshirt,7,8978.2
NO-0019,Tshirts,Adidas Tshirt,9,10490.7
NO-0020,Tshirts,Peter England Tshirt,1,6461.4
NO-0021,Water bottles,Aquafina Water bottles,8,10950.5
NO-0022,Water bottles,Milton Water bottles,,7840.8
NO-0023,Tshirts,Nike Tshirt,3,6461.4
NO-0024,Tshirts,Nike Tshirt,7,12922.8
NO-0025,Perfumes,Fogg Perfumes,7,13285.8
NO-0026,Perfumes,Fogg Perfumes,4,9934.1
NO-0027,Perfumes,Denver Perfumes,7,9934.1
NO-0028,Perfumes,Park Avenue Perfumes,4,11761.2
NO-0029,Perfumes,Denver Perfumes,4,9934.1
NO-0030,Water bottles,Milton Water bottles,2,8457.9
NO-0031,Shoes,Bata Shoes,7,10672.2
NO-0032,Tshirts,Puma Tshirt,3,11168.3
NO-0033,Smart Phone,OnePlus Smart Phone,7,12705
NO-0034,Perfumes,AXE Perfumes,10,12922.8
NO-0035,Water bottles,Cello Water bottles,8,8457.9
NO-0036,Jeans,Levi's Jeans,4,6860.7
NO-0037,Tshirts,Adidas Tshirt,1,14120.7
NO-0038,Tshirts,Nike Tshirt,,14120.7
NO-0039,Perfumes,Park Avenue Perfumes,2,9934.1
NO-0040,Shoes,Woodland Shoes,1,6461.4
NO-0041,Water bottles,Aquafina Water bottles,3,6582.4
NO-0042,Water bottles,Kinley Water bottles,2,8046.5
NO-0043,Jeans,Pepe Jeans Jeans,9,10829.5
NO-0044,Perfumes,Fogg Perfumes,10,13285.8
NO-0045,Perfumes,AXE Perfumes,2,12922.8
NO-0046,Water bottles,Cello Water bottles,8,10950.5
NO-0047,Jeans,Wrangler Jeans,9,9099.2
NO-0048,Jeans,Lee Jeans,7,7901.3
NO-0049,Perfumes,Fogg Perfumes,9,13285.8
NO-0050,Tshirts,Nike Tshirt,1,8978.2
NO-0051,Shoes,Bata Shoes,2,9159.7
NO-0052,Jeans,Wrangler Jeans,2,6860.7
NO-0053,Smart Phone,Redmi Smart Phone,5,10043
NO-0054,Smart Phone,Redmi Smart Phone,1,12705
NO-0055,Water bottles,Aquafina Water bottles,4,10950.5
NO-0056,Shoes,Adidas Shoes,3,6461.4
NO-0057,Perfumes,Wild Stone Perfumes,1,11325.6
NO-0058,Perfumes,Park Avenue Perfumes,6,9934.1
NO-0059,Shoes,Adidas Shoes,9,6461.4
NO-0060,Water bottles,Tupperware Water bottles,8,12160.5
NO-0061,Tshirts,Adidas Tshirt,3,10490.7
NO-0062,Perfumes,AXE Perfumes,3,11761.2
NO-0063,Jeans,Mufti Jeans,7,10829.5
NO-0064,Tshirts,Zara Tshirt,2,10490.7
NO-0065,Tshirts,Adidas Tshirt,2,8978.2
NO-0066,Perfumes,Wild Stone Perfumes,2,12922.8
NO-0067,Smart Phone,Vivo Smart Phone,2,12705
NO-0068,Perfumes,Fogg Perfumes,3,9934.1
NO-0069,Smart Phone,Redmi Smart Phone,9,7792.4
NO-0070,Tshirts,Zara Tshirt,8,14120.7
NO-0071,Jeans,Mufti Jeans,6,10829.5
NO-0072,Shoes,Bata Shoes,4,12838.1
NO-0073,Jeans,Levi's Jeans,3,6860.7
NO-0074,Water bottles,Cello Water bottles,1,8046.5
NO-0075,Shoes,Reebok Shoes,8,12838.1
NO-0076,Perfumes,Denver Perfumes,8,12922.8
NO-0077,Water bottles,Tupperware Water bottles,4,8457.9
NO-0078,Water bottles,Cello Water bottles,9,10950.5
NO-0079,Perfumes,Wild Stone Perfumes,2,11325.6
NO-0080,Smart Phone,Redmi Smart Phone,9,12862.3
NO-0081,Jeans,Levi's Jeans,7,10151.9
NO-0082,Smart Phone,Samsung Smart Phone,2,12862.3
NO-0083,Perfumes,AXE Perfumes,1,11325.6
NO-0084,Smart Phone,Vivo Smart Phone,4,12862.3
NO-0085,Perfumes,Denver Perfumes,10,9934.1
NO-0086,Jeans,Pepe Jeans Jeans,,9099.2
NO-0087,Tshirts,Zara Tshirt,10,11168.3
NO-0088,Perfumes,AXE Perfumes,8,12922.8
NO-0089,Shoes,Adidas Shoes,5,14060.2
NO-0090,Perfumes,Park Avenue Perfumes,5,11761.2
NO-0091,Perfumes,AXE Perfumes,8,12922.8
NO-0092,Jeans,Lee Jeans,2,9099.2
NO-0093,Shoes,Woodland Shoes,10,9159.7
NO-0094,Smart Phone,OnePlus Smart Phone,9,12777.6
NO-0095,Water bottles,Aquafina Water bottles,10,8457.9
NO-0096,Smart Phone,iPhone Smart Phone,2,11712.8
NO-0097,Smart Phone,Samsung Smart Phone,8,11712.8
NO-0098,Tshirts,Nike Tshirt,7,8978.2
NO-0099,Smart Phone,Vivo Smart Phone,6,12777.6
NO-0100,Smart Phone,Vivo Smart Phone,6,12705
NO-0101,Jeans,Lee Jeans,3,7901.3
NO-0102,Perfumes,Fogg Perfumes,3,12922.8
NO-0103,Water bottles,Aquafina Water bottles,3,10950.5
NO-0104,Jeans,Wrangler Jeans,3,10829.5
NO-0105,Tshirts,Puma Tshirt,4,6461.4
NO-0106,Tshirts,Puma Tshirt,4,14120.7
NO-0107,Perfumes,Wild Stone Perfumes,7,11761.2
NO-0108,Water bottles,Cello Water bottles,8,8457.9
NO-0109,Jeans,Lee Jeans,,10829.5
NO-0110,Perfumes,Fogg Perfumes,1,9934.1
NO-0111,Water bottles,Aquafina Water bottles,6,12160.5
NO-0112,Shoes,Bata Shoes,3,6461.4
NO-0113,Perfumes,Denver Perfumes,8,11761.2
NO-0114,Perfumes,Wild Stone Perfumes,7,11325.6
NO-0115,Shoes,Adidas Shoes,6,6461.4
NO-0116,Water bottles,Aquafina Water bottles,4,12160.5
NO-0117,Water bottles,Aquafina Water bottles,6,6582.4
NO-0118,Water bottles,Cello Water bottles,8,8457.9
NO-0119,Perfumes,Denver Perfumes,2,11325.6
NO-0120,Perfumes,Wild Stone Perfumes,3,9934.1
NO-0121,Smart Phone,Redmi Smart Phone,10,12705
NO-0122,Jeans,Pepe Jeans Jeans,2,10829.5
NO-0123,Jeans,Pepe Jeans Jeans,9,10151.9
NO-0124,Jeans,Wrangler Jeans,4,6860.7
NO-0125,Smart Phone,iPhone Smart Phone,7,12705
NO-0126,Perfumes,AXE Perfumes,1,9934.1
NO-0127,Water bottles,Aquafina Water bottles,7,12160.5
NO-0128,Tshirts,Nike Tshirt,4,6461.4
NO-0129,Smart Phone,Vivo Smart Phone,7,12777.6
NO-0130,Smart Phone,OnePlus Smart Phone,,11712.8
NO-0131,Tshirts,Zara Tshirt,9,6461.4
NO-0132,Jeans,Wrangler Jeans,4,10151.9
NO-0133,Jeans,Levi's Jeans,1,10829.5
NO-0134,Jeans,Wrangler Jeans,7,7901.3
NO-0135,Water bottles,Cello Water bottles,2,8457.9
NO-0136,Jeans,Wrangler Jeans,9,7901.3
NO-0137,Water bottles,Aquafina Water bottles,8,10950.5
NO-0138,Perfumes,Denver Perfumes,4,11761.2
NO-0139,Smart Phone,iPhone Smart Phone,4,11712.8
NO-0140,Smart Phone,iPhone Smart Phone,1,12862.3
NO-0141,Smart Phone,iPhone Smart Phone,3,12862.3
NO-0142,Perfumes,Park Avenue Perfumes,7,9934.1
NO-0143,Jeans,Pepe Jeans Jeans,10,9099.2
NO-0144,Jeans,Pepe Jeans Jeans,3,12644.5
NO-0145,Shoes,Bata Shoes,6,7453.6
NO-0146,Jeans,Wrangler Jeans,9,12644.5
NO-0147,Water bottles,Cello Water bottles,9,10950.5
NO-0148,Jeans,Pepe Jeans Jeans,4,10151.9
NO-0149,Perfumes,Park Avenue Perfumes,3,11325.6
NO-0150,Perfumes,Wild Stone Perfumes,4,12922.8
NO-0151,Tshirts,Adidas Tshirt,10,6461.4
NO-0152,Jeans,Levi's Jeans,7,7901.3
NO-0153,Tshirts,Adidas Tshirt,7,6461.4
NO-0154,Smart Phone,Redmi Smart Phone,1,11712.8
NO-0155,Tshirts,Zara Tshirt,8,8978.2
NO-0156,Jeans,Levi's Jeans,,10151.9
NO-0157,Shoes,Nike Shoes,7,12838.1
NO-0158,Perfumes,Denver Perfumes,10,9934.1
NO-0159,Smart Phone,Redmi Smart Phone,8,12705
NO-0160,Perfumes,Denver Perfumes,2,11761.2
NO-0161,Perfumes,Fogg Perfumes,5,9934.1
NO-0162,Shoes,Reebok Shoes,10,14060.2
NO-0163,Smart Phone,iPhone Smart Phone,8,11712.8
NO-0164,Water bottles,Milton Water bottles,8,6582.4
NO-0165,Water bottles,Tupperware Water bottles,7,6582.4
NO-0166,Perfumes,Park Avenue Perfumes,6,9934.1
NO-0167,Perfumes,Wild Stone Perfumes,2,11325.6
NO-0168,Water bottles,Tupperware Water bottles,6,8457.9
NO-0169,Tshirts,Zara Tshirt,4,6461.4
NO-0170,Water bottles,Kinley Water bottles,7,8457.9
NO-0171,Perfumes,Wild Stone Perfumes,1,13285.8
NO-0172,Smart Phone,Redmi Smart Phone,4,10043
NO-0173,Smart Phone,Redmi Smart Phone,1,10043
NO-0174,Perfumes,AXE Perfumes,4,12922.8
NO-0175,Jeans,Levi's Jeans,10,6860.7
NO-0176,Smart Phone,OnePlus Smart Phone,7,12862.3
NO-0177,Tshirts,Zara Tshirt,6,8978.2
NO-0178,Perfumes,Fogg Perfumes,6,11325.6
NO-0179,Tshirts,Puma Tshirt,1,11168.3
NO-0180,Water bottles,Tupperware Water bottles,5,10950.5
NO-0181,Water bottles,Tupperware Water bottles,,8046.5
NO-0182,Shoes,Woodland Shoes,6,7453.6
NO-0183,Smart Phone,iPhone Smart Phone,1,7792.4
NO-0184,Jeans,Lee Jeans,1,6860.7
NO-0185,Tshirts,Peter England Tshirt,1,8978.2
NO-0186,Tshirts,Puma Tshirt,9,14120.7
NO-0187,Water bottles,Cello Water bottles,8,8046.5
NO-0188,Jeans,Wrangler Jeans,3,10829.5
NO-0189,Tshirts,Puma Tshirt,6,12922.8
NO-0190,Perfumes,AXE Perfumes,5,13285.8
NO-0191,Jeans,Pepe Jeans Jeans,7,7901.3
NO-0192,Perfumes,Park Avenue Perfumes,10,9934.1
NO-0193,Water bottles,Tupperware Water bottles,,8046.5
NO-0194,Shoes,Woodland Shoes,2,14060.2
NO-0195,Perfumes,AXE Perfumes,1,9934.1
NO-0196,Shoes,Nike Shoes,2,10672.2
NO-0197,Perfumes,Fogg Perfumes,7,9934.1
NO-0198,Shoes,Nike Shoes,6,12838.1
NO-0199,Perfumes,Park Avenue Perfumes,9,9934.1
NO-0200,Shoes,Woodland Shoes,4,9159.7
NO-0201,Tshirts,Puma Tshirt,,12922.8
NO-0202,Jeans,Pepe Jeans Jeans,8,10829.5
NO-0203,Perfumes,Wild Stone Perfumes,9,13285.8
NO-0204,Perfumes,Fogg Perfumes,10,9934.1
NO-0205,Perfumes,Park Avenue Perfumes,7,13285.8
NO-0206,Tshirts,Adidas Tshirt,1,11168.3
NO-0207,Water bottles,Aquafina Water bottles,6,10950.5
NO-0208,Tshirts,Puma Tshirt,2,10490.7
NO-0209,Tshirts,Puma Tshirt,1,10490.7
NO-0210,Tshirts,Adidas Tshirt,2,10490.7
NO-0211,Perfumes,Fogg Perfumes,3,13285.8
NO-0212,Water bottles,Tupperware Water bottles,1,7840.8
NO-0213,Shoes,Adidas Shoes,2,9159.7
NO-0214,Water bottles,Tupperware Water bottles,8,6582.4
NO-0215,Shoes,Reebok Shoes,9,7453.6
NO-0216,Shoes,Nike Shoes,2,9159.7
NO-0217,Shoes,Bata Shoes,1,10672.2
NO-0218,Shoes,Bata Shoes,5,9159.7
NO-0219,Tshirts,Adidas Tshirt,6,12922.8
NO-0220,Tshirts,Peter England Tshirt,2,6461.4
NO-0221,Perfumes,Wild Stone Perfumes,6,9934.1
NO-0222,Shoes,Bata Shoes,3,10672.2
NO-0223,Perfumes,Wild Stone Perfumes,4,12922.8
NO-0224,Shoes,Adidas Shoes,,6461.4
NO-0225,Shoes,Adidas Shoes,9,14060.2
NO-0226,Jeans,Lee Jeans,,7901.3
NO-0227,Tshirts,Peter England Tshirt,7,8978.2
NO-0228,Perfumes,AXE Perfumes,7,13285.8
NO-0229,Smart Phone,iPhone Smart Phone,3,11712.8
NO-0230,Shoes,Bata Shoes,5,7453.6
NO-0231,Shoes,Bata Shoes,9,12838.1
NO-0232,Perfumes,Park Avenue Perfumes,2,11325.6
NO-0233,Smart Phone,Redmi Smart Phone,1,12862.3
NO-0234,Jeans,Wrangler Jeans,6,7901.3
NO-0235,Smart Phone,Redmi Smart Phone,2,12705
NO-0236,Tshirts,Puma Tshirt,,6461.4
NO-0237,Jeans,Mufti Jeans,6,10151.9
NO-0238,Tshirts,Zara Tshirt,7,8978.2
NO-0239,Perfumes,Park Avenue Perfumes,6,11761.2
NO-0240,Water bottles,Cello Water bottles,,8457.9
NO-0241,Perfumes,Wild Stone Perfumes,7,9934.1
NO-0242,Jeans,Lee Jeans,7,7901.3
NO-0243,Smart Phone,iPhone Smart Phone,5,11712.8
NO-0244,Water bottles,Cello Water bottles,8,8457.9
NO-0245,Smart Phone,iPhone Smart Phone,3,7792.4
NO-0246,Tshirts,Adidas Tshirt,,6461.4
NO-0247,Jeans,Pepe Jeans Jeans,8,10151.9
NO-0248,Jeans,Wrangler Jeans,1,10829.5
NO-0249,Smart Phone,Samsung Smart Phone,4,11712.8
NO-0250,Tshirts,Nike Tshirt,6,6461.4
NO-0251,Jeans,Wrangler Jeans,,10829.5
NO-0252,Perfumes,AXE Perfumes,7,12922.8
NO-0253,Water bottles,Kinley Water bottles,3,6582.4
NO-0254,Tshirts,Peter England Tshirt,7,10490.7
NO-0255,Water bottles,Tupperware Water bottles,,10950.5
NO-0256,Water bottles,Aquafina Water bottles,7,8046.5
NO-0257,Water bottles,Tupperware Water bottles,9,8046.5
NO-0258,Perfumes,Park Avenue Perfumes,10,12922.8
NO-0259,Perfumes,AXE Perfumes,,9934.1
NO-0260,Jeans,Levi's Jeans,6,10151.9
NO-0261,Water bottles,Aquafina Water bottles,,6582.4
NO-0262,Water bottles,Aquafina Water bottles,4,8457.9
NO-0263,Water bottles,Kinley Water bottles,4,6582.4
NO-0264,Shoes,Adidas Shoes,10,6461.4
NO-0265,Jeans,Pepe Jeans Jeans,,6860.7
NO-0266,Jeans,Levi's Jeans,1,12644.5
NO-0267,Water bottles,Cello Water bottles,3,8457.9
NO-0268,Water bottles,Cello Water bottles,3,8046.5
NO-0269,Perfumes,Wild Stone Perfumes,6,13285.8
NO-0270,Tshirts,Adidas Tshirt,6,10490.7
NO-0271,Shoes,Bata Shoes,10,14060.2
NO-0272,Water bottles,Tupperware Water bottles,2,7840.8
NO-0273,Shoes,Bata Shoes,5,10672.2
NO-0274,Jeans,Wrangler Jeans,5,9099.2
NO-0275,Jeans,Wrangler Jeans,2,9099.2
NO-0276,Water bottles,Aquafina Water bottles,8,10950.5
NO-0277,Water bottles,Milton Water bottles,9,8457.9
NO-0278,Shoes,Adidas Shoes,4,7453.6
NO-0279,Jeans,Pepe Jeans Jeans,7,6860.7
NO-0280,Jeans,Pepe Jeans Jeans,1,9099.2
NO-0281,Jeans,Mufti Jeans,8,6860.7
NO-0282,Water bottles,Cello Water bottles,10,7840.8
NO-0283,Smart Phone,OnePlus Smart Phone,2,12862.3
NO-0284,Shoes,Nike Shoes,1,9159.7
NO-0285,Shoes,Nike Shoes,8,10672.2
NO-0286,Tshirts,Puma Tshirt,9,14120.7
NO-0287,Water bottles,Milton Water bottles,7,8046.5
NO-0288,Shoes,Reebok Shoes,8,12838.1
NO-0289,Jeans,Pepe Jeans Jeans,2,12644.5
NO-0290,Perfumes,AXE Perfumes,6,9934.1
NO-0291,Shoes,Bata Shoes,9,12838.1
NO-0292,Shoes,Woodland Shoes,10,9159.7
NO-0293,Shoes,Reebok Shoes,8,12838.1
NO-0294,Tshirts,Peter England Tshirt,10,6461.4
NO-0295,Smart Phone,Samsung Smart Phone,7,12777.6
NO-0296,Jeans,Mufti Jeans,9,12644.5
NO-0297,Water bottles,Milton Water bottles,4,12160.5
NO-0298,Jeans,Levi's Jeans,2,10829.5
NO-0299,Jeans,Lee Jeans,4,7901.3
NO-0300,Smart Phone,iPhone Smart Phone,5,10043
